Bas Spitters, spitters
David Jaz Myers, DavidJaz
Max S. New, maxsnew
N. Raghavendra, raghu
Nyshadham Raghavendra, raghu
Pieter Cuijpers, Pieter
Tim Hosgood, timhosgood
Luidnel Maignan, luidnel.maignan
Ronald Brown, Prof Ronald Brown
Valeria de Paiva, valeriadepaiva
